<!DOCTYPE logback>
<configuration>

	<appender name="STDOUT" class="ch.qos.logback.core.ConsoleAppender">
		<encoder>
			<pattern><![CDATA[date:%d{yyyy-MM-dd HH:mm:ss}\tthread:%thread\tUSER:%X{USER}\tX-Track:%X{X-Track}\tlevel:%-5level\tlogger:%-48logger{48}\tmessage:%msg%n]]></pattern>
		</encoder>
	</appender>

	<appender name="APPLICATION_LOG_FILE"
		class="ch.qos.logback.core.rolling.RollingFileAppender">
		<file>log/security-application.log</file>
		<rollingPolicy class="ch.qos.logback.core.rolling.TimeBasedRollingPolicy">
			<fileNamePattern>log/security-application-%d{yyyyMMdd}.log</fileNamePattern>
			<maxHistory>7</maxHistory>
		</rollingPolicy>
		<encoder>
			<charset>UTF-8</charset>
			<pattern><![CDATA[date:%d{yyyy-MM-dd HH:mm:ss}\tthread:%thread\tX-Track:%X{X-Track}\tlevel:%-5level\tlogger:%-48logger{48}\tmessage:%msg%n]]></pattern>
		</encoder>
	</appender>

	<appender name="MONITORING_LOG_FILE"
		class="ch.qos.logback.core.rolling.RollingFileAppender">
		<file>log/security-monitoring.log</file>
		<rollingPolicy class="ch.qos.logback.core.rolling.TimeBasedRollingPolicy">
			<fileNamePattern>log/security-monitoring-%d{yyyyMMdd}.log</fileNamePattern>
			<maxHistory>7</maxHistory>
		</rollingPolicy>
		<encoder>
			<charset>UTF-8</charset>
			<pattern><![CDATA[date:%d{yyyy-MM-dd HH:mm:ss}\tX-Track:%X{X-Track}\tlevel:%-5level\tmessage:%msg%n]]></pattern>
		</encoder>
	</appender>
	
	<appender name="AUDIT_LOG_FILE"
		class="ch.qos.logback.core.rolling.RollingFileAppender">
		<file>log/security-audit.log</file>
		<rollingPolicy class="ch.qos.logback.core.rolling.TimeBasedRollingPolicy">
			<fileNamePattern>log/security-audit-%d{yyyyMMdd}.log</fileNamePattern>
			<maxHistory>7</maxHistory>
		</rollingPolicy>
		<encoder>
			<charset>UTF-8</charset>
			<pattern><![CDATA[date:%d{yyyy-MM-dd HH:mm:ss}\tthread:%thread\tUSER:%X{USER}\tX-Track:%X{X-Track}\tlevel:%-5level\tlogger:%-48logger{48}\tmessage:%msg%n]]></pattern>
		</encoder>
	</appender>
	
    <appender name="DB" class="ch.qos.logback.classic.db.DBAppender">
        <connectionSource class="ch.qos.logback.core.db.DataSourceConnectionSource">
            <dataSource class="org.apache.commons.dbcp2.BasicDataSource">
                <driverClassName>org.h2.Driver</driverClassName>
                <url>jdbc:h2:mem:secure-login-test;DB_CLOSE_DELAY=-1;</url>
                <username>sa</username>
                <password></password>
            </dataSource>
        </connectionSource>
    </appender>

	<!-- Application Loggers -->
	<logger name="org.terasoluna.securelogin">
		<level value="info" />
	</logger>
	<logger 
		name="org.terasoluna.securelogin.domain.common.interceptor.ServiceCallLoggingInterceptor"
		additivity="false">
		<level value="info" />
		<appender-ref ref="AUDIT_LOG_FILE" />
		<appender-ref ref="DB" />
	</logger>

	<!-- TERASOLUNA -->
	<logger name="org.terasoluna.gfw">
		<level value="info" />
	</logger>
	<logger name="org.terasoluna.gfw.web.logging.TraceLoggingInterceptor">
		<level value="info" />
	</logger>
	<logger name="org.terasoluna.gfw.common.exception.ExceptionLogger">
		<level value="info" />
	</logger>
	<logger
		name="org.terasoluna.gfw.common.exception.ExceptionLogger.Monitoring"
		additivity="false">
		<level value="error" />
		<appender-ref ref="MONITORING_LOG_FILE" />
		<appender-ref ref="DB" />
	</logger>

	<!-- 3rdparty Loggers -->
	<logger name="org.springframework">
		<level value="warn" />
	</logger>

	<logger name="org.springframework.web.servlet">
		<level value="info" />
	</logger>

	<!-- REMOVE THIS LINE IF YOU USE JPA <logger name="org.hibernate.engine.transaction"> 
		<level value="debug" /> </logger> REMOVE THIS LINE IF YOU USE JPA -->
	<logger
		name="org.springframework.jdbc.datasource.DataSourceTransactionManager">
		<level value="debug" />
	</logger>

	<logger name="jdbc.sqltiming">
		<level value="debug" />
	</logger>

	<root level="debug">
		<appender-ref ref="STDOUT" />
		<appender-ref ref="APPLICATION_LOG_FILE" />
		<appender-ref ref="DB" />
	</root>

</configuration>
