<?xml version="1.0" encoding="UTF-8" ?>
<!DOCTYPE tiles-definitions PUBLIC
    "-//Apache Software Foundation//DTD Tiles Configuration 3.0//EN"
    "http://tiles.apache.org/dtds/tiles-config_3_0.dtd">

<tiles-definitions>
    <definition name="layouts" template="/WEB-INF/views/layout/template.jsp">
        <put-attribute name="title" value="session-tutorial-init" />
        <put-attribute name="header"
            value="/WEB-INF/views/layout/header.jsp" />
        <put-attribute name="body" value="" />
    </definition>

    <definition name="*/*" extends="layouts">
        <put-attribute name="title" value="title.{1}.{2}" />
        <put-attribute name="body" value="/WEB-INF/views/{1}/{2}.jsp" />
    </definition>
</tiles-definitions>