<?xml version="1.0" encoding="UTF-8"?>
<beans xmlns="http://www.springframework.org/schema/beans"
    xmlns:xsi="http://www.w3.org/2001/XMLSchema-instance"
    xmlns:sec="http://www.springframework.org/schema/security"
    xsi:schemaLocation="
        http://www.springframework.org/schema/security http://www.springframework.org/schema/security/spring-security.xsd
        http://www.springframework.org/schema/beans http://www.springframework.org/schema/beans/spring-beans.xsd
    ">

    <sec:http pattern="/resources/**" security="none"/>
    <sec:http>
		<sec:form-login login-page="/login"
			login-processing-url="/login" username-parameter="username"
			password-parameter="password" />
		<sec:logout logout-url="/logout" success-handler-ref="logoutSuccessHandler"
			delete-cookies="JSESSIONID" />
        <sec:access-denied-handler ref="accessDeniedHandler"/>
        <sec:custom-filter ref="userIdMDCPutFilter" after="ANONYMOUS_FILTER"/>
        <sec:session-management />

		<sec:intercept-url pattern="/login" access="permitAll" />
		<sec:intercept-url pattern="/accounts/create" access="permitAll" />
		<sec:intercept-url pattern="/reissue/**" access="permitAll" />
		<sec:intercept-url pattern="/api/receivedmail" access="permitAll" />
		<sec:intercept-url pattern="/unlock/**" access="hasRole('ADMIN')" />
		<sec:intercept-url pattern="/**" access="isAuthenticated()" />
    </sec:http>

	<sec:authentication-manager>
		<sec:authentication-provider
			user-service-ref="loggedInUserDetailsService">
			<sec:password-encoder ref="passwordEncoder" />
		</sec:authentication-provider>
	</sec:authentication-manager>

    <!-- CSRF Protection -->
    <bean id="accessDeniedHandler"
        class="org.springframework.security.web.access.DelegatingAccessDeniedHandler">
        <constructor-arg index="0">
            <map>
                <entry
                    key="org.springframework.security.web.csrf.InvalidCsrfTokenException">
                    <bean
                        class="org.springframework.security.web.access.AccessDeniedHandlerImpl">
                        <property name="errorPage"
                            value="/WEB-INF/views/common/error/invalidCsrfTokenError.jsp" />
                    </bean>
                </entry>
                <entry
                    key="org.springframework.security.web.csrf.MissingCsrfTokenException">
                    <bean
                        class="org.springframework.security.web.access.AccessDeniedHandlerImpl">
                        <property name="errorPage"
                            value="/WEB-INF/views/common/error/missingCsrfTokenError.jsp" />
                    </bean>
                </entry>
            </map>
        </constructor-arg>
        <constructor-arg index="1">
            <bean
                class="org.springframework.security.web.access.AccessDeniedHandlerImpl">
                <property name="errorPage"
                    value="/WEB-INF/views/common/error/accessDeniedError.jsp" />
            </bean>
        </constructor-arg>
    </bean>

    <!-- Put UserID into MDC -->
    <bean id="userIdMDCPutFilter" class="org.terasoluna.gfw.security.web.logging.UserIdMDCPutFilter">
    </bean>


	<bean id="logoutSuccessHandler"
		class="org.terasoluna.securelogin.app.common.security.CacheClearLogoutSuccessHandler">
		<constructor-arg value="/" />
	</bean>
</beans>
