<?xml version="1.0" encoding="UTF-8"?>
<!DOCTYPE mapper PUBLIC "-//mybatis.org//DTD Mapper 3.0//EN"
"http://mybatis.org/dtd/mybatis-3-mapper.dtd">

<mapper
	namespace="org.terasoluna.securelogin.domain.repository.passwordreissue.PasswordReissueInfoRepository">

	<resultMap id="PasswordReissueInfoResultMap" type="PasswordReissueInfo">
		<id property="username" column="username" />
		<id property="token" column="token" />
		<id property="secret" column="secret" />
		<id property="expiryDate" column="expiry_date" />
	</resultMap>

	<select id="findOne" resultMap="PasswordReissueInfoResultMap">
    <![CDATA[
        SELECT
            username,
            token,
            secret,
            expiry_date
        FROM
            password_reissue_info
        WHERE
            token = #{token}
    ]]>
	</select>

	<insert id="create" parameterType="PasswordReissueInfo">
    <![CDATA[
        INSERT INTO password_reissue_info (
            username,
            token,
            secret,
            expiry_date
        ) VALUES (
	        #{username},
	        #{token},
	        #{secret},
            #{expiryDate}
        )
    ]]>
	</insert>

	<delete id="delete">
    <![CDATA[
    	DELETE FROM
    		password_reissue_info
    	WHERE
    		token = #{token}
    ]]>
	</delete>

	<delete id="deleteExpired">
    <![CDATA[
    	DELETE FROM
    		password_reissue_info
    	WHERE
    		expiry_date < #{date}
    ]]>
	</delete>
</mapper>
