<?xml version="1.0" encoding="UTF-8"?>
<!DOCTYPE mapper PUBLIC "-//mybatis.org//DTD Mapper 3.0//EN"
"http://mybatis.org/dtd/mybatis-3-mapper.dtd">

<mapper
	namespace="org.terasoluna.securelogin.domain.repository.passwordhistory.PasswordHistoryRepository">

	<resultMap id="PasswordHistoryResultMap" type="PasswordHistory">
		<id property="username" column="username" />
		<id property="password" column="password" />
		<id property="useFrom" column="use_from" />
	</resultMap>

	<select id="findByUseFrom" resultMap="PasswordHistoryResultMap">
    <![CDATA[
        SELECT
            username,
            password,
            use_from
        FROM
            password_history
        WHERE
            username = #{username} AND
            use_from >= #{useFrom}
        ORDER BY use_from DESC
    ]]>
	</select>

	<select id="findLatest" resultMap="PasswordHistoryResultMap">
    <![CDATA[
        SELECT
            username,
            password,
            use_from
        FROM
            password_history
        WHERE
            username = #{username}
        ORDER BY use_from DESC
        LIMIT #{limit}
    ]]>
	</select>

	<insert id="create" parameterType="PasswordHistory">
    <![CDATA[
        INSERT INTO password_history (
            username,
            password,
            use_from
        ) VALUES (
	        #{username},
	        #{password},
            #{useFrom}
        )
    ]]>
	</insert>
</mapper>
