<?xml version="1.0" encoding="UTF-8"?>
<!DOCTYPE mapper PUBLIC "-//mybatis.org//DTD Mapper 3.0//EN"
    "http://mybatis.org/dtd/mybatis-3-mapper.dtd">

<mapper namespace="org.terasoluna.tourreservation.domain.repository.reserve.ReserveRepository">

    <resultMap id="reserveResultMap" type="Reserve">
        <id property="reserveNo" column="reserve_no" />
        <result property="tourInfo.tourCode" column="tour_code" />
        <result property="tourInfo.plannedDay" column="planned_day" />
        <result property="tourInfo.planNo" column="plan_no" />
        <result property="tourInfo.tourName" column="tour_name" />
        <result property="tourInfo.tourDays" column="tour_days" />
        <result property="tourInfo.depDay" column="dep_day" />
        <result property="tourInfo.avaRecMax" column="ava_rec_max" />
        <result property="tourInfo.departure.depCode" column="dep_code" />
        <result property="tourInfo.departure.depName" column="dep_name" />
        <result property="tourInfo.arrival.arrCode" column="arr_code" />
        <result property="tourInfo.arrival.arrName" column="arr_name" />
        <result property="tourInfo.accommodation.accomCode" column="accom_code" />
        <result property="tourInfo.accommodation.accomName" column="accom_name" />
        <result property="tourInfo.accommodation.accomTel" column="accom_tel" />
        <result property="tourInfo.basePrice" column="base_price" />
        <result property="tourInfo.conductor" column="conductor" />
        <result property="tourInfo.tourAbs" column="tour_abs" />
        <result property="reservedDay" column="reserved_day" />
        <result property="adultCount" column="adult_count" />
        <result property="childCount" column="child_count" />
        <result property="customer.customerCode" column="customer_code" />
        <result property="customer.customerName" column="customer_name" />
        <result property="customer.customerKana" column="customer_kana" />
        <result property="customer.customerPass" column="customer_pass" />
        <result property="customer.customerBirth" column="customer_birth" />
        <result property="customer.customerJob" column="customer_job" />
        <result property="customer.customerMail" column="customer_mail" />
        <result property="customer.customerTel" column="customer_tel" />
        <result property="customer.customerPost" column="customer_post" />
        <result property="customer.customerAdd" column="customer_add" />
        <result property="transfer" column="transfer" />
        <result property="sumPrice" column="sum_price" />
        <result property="remarks" column="remarks" />
    </resultMap>

    <select id="findOne" parameterType="string" resultMap="reserveResultMap">
        SELECT
            reserve_no,
            tour_code,
            reserved_day,
            adult_count,
            child_count,
            customer_code,
            transfer,
            sum_price,
            remarks
        FROM
            reserve
        WHERE
            reserve_no = #{reserveNo}
    </select>

    <insert id="insert" parameterType="Reserve">
        <selectKey keyProperty="reserveNo" resultType="string" order="BEFORE">
            SELECT TO_CHAR(nextval('RESERVE_NO_SEQ'),'FM00000000') AS reserveNo
        </selectKey>
        INSERT INTO
            reserve
        (
            reserve_no,
            tour_code,
            reserved_day,
            adult_count,
            child_count,
            customer_code,
            transfer,
            sum_price,
            remarks
        )
        VALUES
        (
            #{reserveNo},
            #{tourInfo.tourCode},
            #{reservedDay},
            #{adultCount},
            #{childCount},
            #{customer.customerCode},
            #{transfer},
            #{sumPrice},
            #{remarks}
        )
    </insert>

    <update id="update" parameterType="Reserve">
        UPDATE
            reserve
        SET
            tour_code = #{tourInfo.tourCode},
            reserved_day = #{reservedDay},
            adult_count = #{adultCount},
            child_count = #{childCount},
            customer_code = #{customer.customerCode},
            transfer = #{transfer},
            sum_price = #{sumPrice},
            remarks = #{remarks}
        WHERE
            reserve_no = #{reserveNo}
    </update>

    <delete id="delete" parameterType="Reserve">
        DELETE FROM
            reserve
        WHERE
            reserve_no = #{reserveNo}
    </delete>

    <select id="findOneForUpdate" parameterType="string" resultMap="reserveResultMap">
        SELECT
            reserve_no,
            tour_code,
            reserved_day,
            adult_count,
            child_count,
            customer_code,
            transfer,
            sum_price,
            remarks
        FROM
            reserve
        WHERE
            reserve_no = #{reserveNo}
        FOR UPDATE
    </select>

    <select id="findOneWithDetail" parameterType="string" resultMap="reserveResultMap">
        SELECT
            r.reserve_no AS reserve_no,
            r.tour_code AS tour_code,
            t.planned_day AS planned_day,
            t.plan_no AS plan_no,
            t.tour_name AS tour_name,
            t.tour_days AS tour_days,
            t.dep_day AS dep_day,
            t.ava_rec_max AS ava_rec_max,
            t.dep_code AS dep_code,
            d.dep_name AS dep_name,
            t.arr_code AS arr_code,
            a.arr_name AS arr_name,
            t.accom_code AS accom_code,
            t.base_price AS base_price,
            t.conductor AS conductor,
            t.tour_abs AS tour_abs,
            r.reserved_day AS reserved_day,
            r.adult_count AS adult_count,
            r.child_count AS child_count,
            c.customer_code AS customer_code,
            c.customer_name AS customer_name,
            c.customer_kana AS customer_kana,
            c.customer_pass AS customer_pass,
            c.customer_birth AS customer_birth,
            c.customer_job AS customer_job,
            c.customer_mail AS customer_mail,
            c.customer_tel AS customer_tel,
            c.customer_post AS customer_post,
            c.customer_add AS customer_add,
            r.transfer AS transfer,
            r.sum_price AS sum_price,
            r.remarks AS remarks
        FROM
            reserve AS r JOIN tourinfo AS t
        ON
                r.tour_code = t.tour_code JOIN departure AS d
        ON
                t.dep_code = d.dep_code JOIN arrival AS a
        ON
                t.arr_code = a.arr_code JOIN customer AS c
        ON
                r.customer_code = c.customer_code
        WHERE
                r.reserve_no = #{reserveNo}
    </select>

    <select id="countReservedPersonSumByTourInfo" parameterType="string" resultType="Long">
        SELECT
            SUM(adult_count + child_count)
        FROM
            reserve
        WHERE
            tour_code = #{tourCode}
    </select>

    <select id="findAllWithTourInfoByCustomer" parameterType="string" resultMap="reserveResultMap">
        SELECT
            r.reserve_no AS reserve_no,
            r.tour_code AS tour_code,
            t.planned_day AS planned_day,
            t.plan_no AS plan_no,
            t.tour_name AS tour_name,
            t.tour_days AS tour_days,
            t.dep_day AS dep_day,
            t.ava_rec_max AS ava_rec_max,
            t.dep_code AS dep_code,
            d.dep_name AS dep_name,
            t.arr_code AS arr_code,
            a.arr_name AS arr_name,
            t.accom_code AS accom_code,
            ac.accom_name AS accom_name,
            ac.accom_tel AS accom_tel,
            t.base_price AS base_price,
            t.conductor AS conductor,
            t.tour_abs AS tour_abs,
            r.reserved_day AS reserved_day,
            r.adult_count AS adult_count,
            r.child_count AS child_count,
            c.customer_code AS customer_code,
            c.customer_name AS customer_name,
            c.customer_kana AS customer_kana,
            c.customer_pass AS customer_pass,
            c.customer_birth AS customer_birth,
            c.customer_job AS customer_job,
            c.customer_mail AS customer_mail,
            c.customer_tel AS customer_tel,
            c.customer_post AS customer_post,
            c.customer_add AS customer_add,
            r.transfer AS transfer,
            r.sum_price AS sum_price,
            r.remarks AS remarks
        FROM
            reserve AS r JOIN tourinfo AS t
        ON
                r.tour_code = t.tour_code JOIN departure AS d
        ON
                t.dep_code = d.dep_code JOIN arrival AS a
        ON
                t.arr_code = a.arr_code JOIN customer AS c
        ON
                r.customer_code = c.customer_code JOIN accommodation AS ac
        ON
                ac.accom_code = t.accom_code
        WHERE
                c.customer_code = #{customerCode}
        ORDER BY
            t.dep_day,
            r.reserve_no
    </select>

</mapper>
