<?xml version="1.0" encoding="UTF-8"?>
<beans xmlns="http://www.springframework.org/schema/beans"
       xmlns:xsi="http://www.w3.org/2001/XMLSchema-instance"
       xmlns:context="http://www.springframework.org/schema/context"
       xmlns:mvc="http://www.springframework.org/schema/mvc"
       xmlns:util="http://www.springframework.org/schema/util"
       xmlns:aop="http://www.springframework.org/schema/aop"
       xsi:schemaLocation="
           http://www.springframework.org/schema/mvc http://www.springframework.org/schema/mvc/spring-mvc.xsd
           http://www.springframework.org/schema/beans http://www.springframework.org/schema/beans/spring-beans.xsd
           http://www.springframework.org/schema/util http://www.springframework.org/schema/util/spring-util.xsd
           http://www.springframework.org/schema/context http://www.springframework.org/schema/context/spring-context.xsd
           http://www.springframework.org/schema/aop http://www.springframework.org/schema/aop/spring-aop.xsd
       ">

    <context:property-placeholder location="classpath*:/META-INF/spring/*.properties" />

    <mvc:annotation-driven>
        <mvc:argument-resolvers>
            <bean class="org.springframework.data.web.PageableHandlerMethodArgumentResolver" />
            <bean class="org.terasoluna.gfw.web.token.transaction.TransactionTokenContextHandlerMethodArgumentResolver" />
            <bean class="org.springframework.security.web.method.annotation.AuthenticationPrincipalArgumentResolver" />
        </mvc:argument-resolvers>
        <!-- workaround to CVE-2016-5007. -->
        <mvc:path-matching path-matcher="pathMatcher" />
    </mvc:annotation-driven>

    <mvc:default-servlet-handler />

    <context:component-scan base-package="org.terasoluna.tourreservation.app" />

    <mvc:resources mapping="/resources/**"
        location="/resources/,classpath:META-INF/resources/"
        cache-period="#{60 * 60}" />

    <mvc:interceptors>
        <mvc:interceptor>
            <mvc:mapping path="/**" />
            <mvc:exclude-mapping path="/resources/**" />
            <mvc:exclude-mapping path="/**/*.html" />
            <bean class="org.terasoluna.gfw.web.logging.TraceLoggingInterceptor" />
        </mvc:interceptor>
        <mvc:interceptor>
            <mvc:mapping path="/**" />
            <mvc:exclude-mapping path="/resources/**" />
            <mvc:exclude-mapping path="/**/*.html" />
            <bean class="org.terasoluna.gfw.web.token.transaction.TransactionTokenInterceptor" />
        </mvc:interceptor>
        <mvc:interceptor>
            <mvc:mapping path="/**" />
            <mvc:exclude-mapping path="/resources/**" />
            <mvc:exclude-mapping path="/**/*.html" />
            <bean class="org.springframework.web.servlet.i18n.LocaleChangeInterceptor" />
        </mvc:interceptor>
        <mvc:interceptor>
            <mvc:mapping path="/**" />
            <mvc:exclude-mapping path="/resources/**" />
            <mvc:exclude-mapping path="/**/*.html" />
            <bean class="org.terasoluna.gfw.web.codelist.CodeListInterceptor">
                <property name="codeListIdPattern" value="CL_.+" />
                <property name="fallbackTo" value="en" />
            </bean>
        </mvc:interceptor>
    </mvc:interceptors>

    <!-- Settings View Resolver. -->
    <mvc:view-resolvers>
        <mvc:bean-name />
        <mvc:tiles />
        <mvc:jsp prefix="/WEB-INF/views/" />
    </mvc:view-resolvers>

    <mvc:tiles-configurer>
        <mvc:definitions location="/WEB-INF/tiles/tiles-definitions.xml" />
    </mvc:tiles-configurer>


    <bean id="managereservation/report" class="org.springframework.web.servlet.view.jasperreports.JasperReportsPdfView">
        <property name="url" value="/WEB-INF/reports/reservationReportPdf.jrxml" />
    </bean>

    <bean id="requestDataValueProcessor" class="org.terasoluna.gfw.web.mvc.support.CompositeRequestDataValueProcessor">
        <constructor-arg>
            <util:list>
                <bean class="org.springframework.security.web.servlet.support.csrf.CsrfRequestDataValueProcessor" />
                <bean class="org.terasoluna.gfw.web.token.transaction.TransactionTokenRequestDataValueProcessor" />
            </util:list>
        </constructor-arg>
    </bean>

    <bean class="org.terasoluna.gfw.web.exception.SystemExceptionResolver">
        <property name="exceptionCodeResolver" ref="exceptionCodeResolver" />
        <property name="order" value="3" />
        <property name="exceptionMappings">
            <map>
                <entry key="InvalidTransactionTokenException" value="common/error/transactionTokenError" />
            </map>
        </property>
        <property name="statusCodes">
            <map>
                <entry key="common/error/transactionTokenError" value="409" />
            </map>
        </property>
        <property name="excludedExceptions">
            <array>
                <value>org.springframework.security.access.AccessDeniedException</value>
                <value>org.springframework.web.util.NestedServletException</value>
            </array>
        </property>
        <property name="defaultErrorView" value="common/error/systemError" />
        <property name="defaultStatusCode" value="500" />
    </bean>

    <bean id="handlerExceptionResolverLoggingInterceptor"
          class="org.terasoluna.gfw.web.exception.HandlerExceptionResolverLoggingInterceptor">
        <property name="exceptionLogger" ref="exceptionLogger" />
    </bean>
    <aop:config>
        <aop:advisor advice-ref="handlerExceptionResolverLoggingInterceptor"
            pointcut="execution(* org.springframework.web.servlet.HandlerExceptionResolver.resolveException(..))" />
    </aop:config>

    <bean id="localeResolver" class="org.springframework.web.servlet.i18n.CookieLocaleResolver">
        <property name="cookieName" value="locale"/>
        <property name="defaultLocale" value="en" />
    </bean>

    <!-- Setting PathMatcher. -->
    <bean id="pathMatcher" class="org.springframework.util.AntPathMatcher">
        <property name="trimTokens" value="false" />
    </bean>

</beans>
