<?xml version="1.0" encoding="UTF-8" ?>
<!DOCTYPE configuration
    PUBLIC "-//mybatis.org//DTD Config 3.0//EN"
    "http://mybatis.org/dtd/mybatis-3-config.dtd">
<configuration>

    <!-- See http://mybatis.github.io/mybatis-3/configuration.html#settings -->
    <settings>
        <setting name="mapUnderscoreToCamelCase" value="true" />
        <setting name="lazyLoadingEnabled" value="true" />
        <setting name="defaultFetchSize" value="100" />
<!--
        <setting name="defaultExecutorType" value="REUSE" />
        <setting name="jdbcTypeForNull" value="NULL" />
        <setting name="localCacheScope" value="STATEMENT" />
-->
    </settings>

    <typeAliases>
        <package name="com.example.session.domain.model" />
        <package name="com.example.session.domain.repository" />
<!--
        <package name="com.example.session.infra.mybatis.typehandler" />
-->
    </typeAliases>

    <typeHandlers>
<!--
        <package name="com.example.session.infra.mybatis.typehandler" />
-->
    </typeHandlers>

</configuration>
