<?xml version="1.0" encoding="UTF-8"?>
<!DOCTYPE mapper PUBLIC "-//mybatis.org//DTD Mapper 3.0//EN"
"http://mybatis.org/dtd/mybatis-3-mapper.dtd">

<mapper
	namespace="org.terasoluna.securelogin.domain.repository.authenticationevent.FailedAuthenticationRepository">

	<resultMap id="failedAuthenticationResultMap"
		type="FailedAuthentication">
		<id property="username" column="username" />
		<id property="authenticationTimestamp" column="authentication_timestamp" />
	</resultMap>

	<insert id="create" parameterType="FailedAuthentication">
    <![CDATA[
        INSERT INTO failed_authentication (
            username,
            authentication_timestamp
        ) VALUES (
	        #{username},
            #{authenticationTimestamp}
        )
    ]]>
	</insert>

	<select id="findLatest" resultMap="failedAuthenticationResultMap">
    <![CDATA[
        SELECT
            username,
            authentication_timestamp
        FROM
            failed_authentication
        WHERE
            username = #{username}
        ORDER BY authentication_timestamp DESC
        LIMIT #{count}
    ]]>
	</select>

	<delete id="deleteByUsername">
	<![CDATA[
		DELETE FROM
			failed_authentication
		WHERE
			username = #{username}
	]]>
	</delete>
</mapper>
