<?xml version="1.0" encoding="UTF-8"?>
<beans xmlns="http://www.springframework.org/schema/beans"
    xmlns:xsi="http://www.w3.org/2001/XMLSchema-instance"
    xmlns:jdbc="http://www.springframework.org/schema/jdbc"
	xmlns:cache="http://www.springframework.org/schema/cache"

    xsi:schemaLocation="
        http://www.springframework.org/schema/jdbc http://www.springframework.org/schema/jdbc/spring-jdbc.xsd
        http://www.springframework.org/schema/cache http://www.springframework.org/schema/cache/spring-cache.xsd
        http://www.springframework.org/schema/beans http://www.springframework.org/schema/beans/spring-beans.xsd
    ">

    <bean id="dateFactory" class="org.terasoluna.gfw.common.date.jodatime.DefaultJodaTimeDateFactory" />

    <bean id="realDataSource" class="org.apache.commons.dbcp2.BasicDataSource"
        destroy-method="close">
        <property name="driverClassName" value="${database.driverClassName}" />
        <property name="url" value="${database.url}" />
        <property name="username" value="${database.username}" />
        <property name="password" value="${database.password}" />
        <property name="defaultAutoCommit" value="false" />
        <property name="maxTotal" value="${cp.maxActive}" />
        <property name="maxIdle" value="${cp.maxIdle}" />
        <property name="minIdle" value="${cp.minIdle}" />
        <property name="maxWaitMillis" value="${cp.maxWait}" />
    </bean>


    <bean id="dataSource" class="net.sf.log4jdbc.Log4jdbcProxyDataSource">
        <constructor-arg index="0" ref="realDataSource" />
    </bean>

    <jdbc:initialize-database data-source="dataSource"
        ignore-failures="ALL">
        <jdbc:script location="classpath:/database/${database}-schema.sql" encoding="UTF-8" />
        <jdbc:script location="classpath:/database/${database}-dataload.sql" encoding="UTF-8" />
    </jdbc:initialize-database>

    <!--  REMOVE THIS LINE IF YOU USE JPA
    <bean id="transactionManager"
        class="org.springframework.orm.jpa.JpaTransactionManager">
        <property name="entityManagerFactory" ref="entityManagerFactory" />
    </bean>
          REMOVE THIS LINE IF YOU USE JPA  -->
    <bean id="transactionManager"
        class="org.springframework.jdbc.datasource.DataSourceTransactionManager">
        <property name="dataSource" ref="dataSource" />
        <property name="rollbackOnCommitFailure" value="true" />
    </bean>

	<bean id="mailSender" class="org.springframework.mail.javamail.JavaMailSenderImpl">
		<property name="host" value="${mail.host}" />
		<property name="port" value="${mail.port}" />
	</bean>

	<bean id="passwordReissueMessage" class="org.springframework.mail.SimpleMailMessage">
		<property name="from" value="${mail.from}" />
		<property name="subject" value="${mail.subject}" />
	</bean>

	<cache:annotation-driven />

	<bean id="cacheManager" class="org.springframework.cache.support.SimpleCacheManager">
		<property name="caches">
			<set>
				<bean
					class="org.springframework.cache.concurrent.ConcurrentMapCacheFactoryBean"
					name="isInitialPassword" />
				<bean
					class="org.springframework.cache.concurrent.ConcurrentMapCacheFactoryBean"
					name="isCurrentPasswordExpired" />
			</set>
		</property>
	</bean>

	<bean id="greenMailBean" class="com.icegreen.greenmail.spring.GreenMailBean" />
</beans>
