<?xml version="1.0" encoding="UTF-8"?>
<beans xmlns="http://www.springframework.org/schema/beans"
       xmlns:xsi="http://www.w3.org/2001/XMLSchema-instance"
       xmlns:jee="http://www.springframework.org/schema/jee"
       xsi:schemaLocation="
           http://www.springframework.org/schema/jee http://www.springframework.org/schema/jee/spring-jee.xsd
           http://www.springframework.org/schema/beans http://www.springframework.org/schema/beans/spring-beans.xsd
       ">

    <bean id="dateFactory" class="org.terasoluna.gfw.common.date.jodatime.DefaultJodaTimeDateFactory" />

    <jee:jndi-lookup
            id="realDataSource"
            jndi-name="jdbc/tourreservationDataSource"
            expected-type="javax.sql.DataSource" />

    <bean id="dataSource" class="net.sf.log4jdbc.Log4jdbcProxyDataSource">
        <constructor-arg index="0" ref="realDataSource" />
    </bean>

    <bean id="transactionManager" class="org.springframework.jdbc.datasource.DataSourceTransactionManager">
        <property name="dataSource" ref="dataSource" />
        <property name="rollbackOnCommitFailure" value="true" />
    </bean>

</beans>

